Name,CleanedName,KatakanaName_Auto,ManualKatakana,Core_Katakana
NEC Networks & System Integration Corporation,NEC Networks System Integration,NEC NETWORKS SYSTEM INTEGRATION,エヌイーシーネットワークスシステムインテグレーション,エヌイーシーネットワークスシステムインテグレーション
"CROOZ,Inc.",CROOZ,CROOZ,クルーズ,クルーズ
Dawn Corporation,Dawn,DAWN,ドーン,ドーン
"CROSS CAT CO.,LTD.",CROSS CAT,CROSS CAT,クロスキャット,クロスキャット
CAICA DIGITAL Inc.,CAICA DIGITAL,CAICA DIGITAL,カイカデジタル,カイカデジタル
Systena Corporation,Systena,SYSTENA,システナ,システナ
Softfront Holdings,Softfront,SOFTFRONT,ソフトフロント,ソフトフロント
fonfun corporation,fonfun,FONFUN,フォンファン,フォンファン
Digital Arts Inc.,Digital Arts,DIGITAL ARTS,デジタルアーツ,デジタルアーツ
NS Solutions Corporation,NS Solutions,NS SOLUTIONS,エヌエスソリューションズ,エヌエスソリューションズ
TOHOKUSHINSHA FILM CORPORATION,TOHOKUSHINSHA FILM,TOHOKUSHINSHA FILM,トウホクシンシャフィルム,トウホクシンシャフィルム
"Forside Co.,Ltd.",Forside,FORSIDE,フォーサイド,フォーサイド
"Quest Co.,Ltd.",Quest,QUEST,クエスト,クエスト
CUBE SYSTEM INC.,CUBE SYSTEM,CUBE SYSTEM,キューブシステム,キューブシステム
"Quantum Solutions Co.,Ltd.",Quantum Solutions,QUANTUM SOLUTIONS,クオンタムソリューションズ,クオンタムソリューションズ
"Kushim,Inc.",Kushim,KUSHIM,クシム,クシム
"Nippon Information Development Co.,Ltd.",Nippon Information Development,NIPPON INFORMATION DEVELOPMENT,ニッポンインフォメーションデベロップメント,ニッポンインフォメーションデベロップメント
ASJ INC.,ASJ,ASJ,エーエスジェイ,エーエスジェイ
WOW WORLD Inc.,WOW WORLD,WOW WORLD,ワオワールド,ワオワールド
YE DIGITAL Corporation,YE DIGITAL,YE DIGITAL,ワイイーデジタル,ワイイーデジタル
CORE CORPORATION,CORE,CORE,コア,コア
GENDAI AGENCY INC.,GENDAI AGENCY,GENDAI AGENCY,ゲンダイエージェンシー,ゲンダイエージェンシー
"System Location Co.,Ltd.",System Location,SYSTEM LOCATION,システムロケーション,システムロケーション
"DEMAE-CAN CO.,LTD",DEMAE CAN LTD,DEMAE CAN LTD,デマエカン,デマエカン
"RACCOON HOLDINGS,Inc.",RACCOON,RACCOON,ラクーン,ラクーン
SOLITON SYSTEMS K.K.,SOLITON SYSTEMS K K,SOLITON SYSTEMS K K,ソリトンシステムズ,ソリトンシステムズ
SecuAvail Inc.,SecuAvail,SECUAVAIL,セキュアヴェイル,セキュアヴェイル
SOFTCREATE HOLDINGS CORP.,SOFTCREATE CORP,SOFTCREATE CORP,ソフトクリエイト,ソフトクリエイト
Netyear Group Corporation,Netyear,NETYEAR,ネットイヤー,ネットイヤー
Billing System Corporation,Billing System,BILLING SYSTEM,ビリングシステム,ビリングシステム
AXEL MARK INC.,AXEL MARK,AXEL MARK,アクセルマーク,アクセルマーク
Techfirm Holdings Inc.,Techfirm,TECHFIRM,テックファーム,テックファーム
TIS Inc.,TIS,TIS,ティーアイエス,ティーアイエス
JNS HOLDINGS INC.,JNS,JNS,ジェイエヌエス,ジェイエヌエス
"DATA HORIZON CO.,LTD.",DATA HORIZON,DATA HORIZON,データホライゾン,データホライゾン
"Densan System Co.,Ltd.",Densan System,DENSAN SYSTEM,デンサンシステム,デンサンシステム
"GREE,Inc.",GREE,GREE,グリー,グリー
"GMO Pepabo,Inc.",GMO Pepabo,GMO PEPABO,ジーエムオーペパボ,ジーエムオーペパボ
Sockets Inc.,Sockets,SOCKETS,ソケッツ,ソケッツ
"KOEI TECMO HOLDINGS CO.,LTD.",KOEI TECMO,KOEI TECMO,コーエーテクモ,コーエーテクモ
"Mitsubishi Research Institute,Inc.",Mitsubishi Research Institute,MITSUBISHI RESEARCH INSTITUTE,ミツビシソウゴウケンキュウジョ,ミツビシソウケン
Voltage Incorporation,Voltage Incorporation,VOLTAGE INCORPORATION,ボルテージ,ボルテージ
"DENSAN CO.,LTD.",DENSAN,DENSAN,デンサン,デンサン
"PAPYLESS CO.,LTD.",PAPYLESS,PAPYLESS,パピレス,パピレス
"Medical Net,Inc.",Medical Net,MEDICAL NET,メディカルネット,メディカルネット
"Ekitan & Co.,Ltd.",Ekitan,EKITAN,エキタン,エキタン
G Three Holdings CORPORATION,G Three,G THREE,ジースリー,ジースリー
AGS Corporation,AGS,AGS,エージーエス,エージーエス
FINDEX Inc.,FINDEX,FINDEX,フィンデックス,フィンデックス
Digital Media Professionals Inc.,Digital Media Professionals,DIGITAL MEDIA PROFESSIONALS,デジタルメディアプロフェッショナル,デジタルメディアプロフェッショナル
"Morpho,Inc.",Morpho,MORPHO,モルフォ,モルフォ
"HITO-Communications,Inc.",HITO Communications,HITO COMMUNICATIONS,ヒトコミュニケーションズ,ヒトコミュニケーションズ
BrainPad Inc.,BrainPad,BRAINPAD,ブレインパッド,ブレインパッド
KLab Inc.,KLab,KLAB,クラブ,クラブ
"Poletowin Pitcrew Holdings,Inc.",Poletowin Pitcrew,POLETOWIN PITCREW,ポールトゥウィンピットクルー,ポールトゥウィンピットクルー
"eBOOK Initiative Japan CO.,LTD.",eBOOK Initiative Japan,EBOOK INITIATIVE JAPAN,イーブックイニシアティブジャパン,イーブックイニシアティブジャパン
"NEXON Co.,Ltd.",NEXON,NEXON,ネクソン,ネクソン
istyle Inc.,istyle,ISTYLE,アイスタイル,アイスタイル
"m-up holdings,Inc.",m up,M UP,エムアップ,エムアップ
Ateam Inc.,Ateam,ATEAM,エイチーム,エイチーム
ArtSpark Holdings Inc.,ArtSpark,ARTSPARK,アートスパーク,アートスパーク
MOBCAST HOLDINGS INC.,MOBCAST,MOBCAST,モブキャスト,モブキャスト
Enigmo Inc.,Enigmo,ENIGMO,エニグモ,エニグモ
TECNOS JAPAN INCORPORATED,TECNOS JAPAN INCORPORATED,TECNOS JAPAN INCORPORATED,テクノスジャパン,テクノスジャパン
"enish,inc.",enish,ENISH,エニッシュ,エニッシュ
"COLOPL,Inc.",COLOPL,COLOPL,コロプラ,コロプラ
"Mobile Create Co.,Ltd.",Mobile Create,MOBILE CREATE,モバイルクリエイト,モバイルクリエイト
"Kyoritsu Computer & Communication Co.,Ltd.",Kyoritsu Computer Communication,KYORITSU COMPUTER COMMUNICATION,キョウリツコンピュータコミュニケーション,キョウリツコンピュータコミュニケーション
"SOFTMAX CO.,LTD",SOFTMAX LTD,SOFTMAX LTD,ソフトマックス,ソフトマックス
AltPlusInc.,AltPlusInc,ALTPLUSINC,アルトプラス,アルトプラス
"Broadleaf Co.,Ltd.",Broadleaf,BROADLEAF,ブロードリーフ,ブロードリーフ
"Aucfan Co.,Ltd.",Aucfan,AUCFAN,オークファン,オークファン
Cross Marketing Group Inc.,Cross Marketing,CROSS MARKETING,クロスマーケティング,クロスマーケティング
"DIGITAL HEARTS HOLDINGS Co.,Ltd.",DIGITAL HEARTS,DIGITAL HEARTS,デジタルハーツ,デジタルハーツ
"SYSTEM INFORMATION CO.,LTD.",SYSTEM INFORMATION,SYSTEM INFORMATION,システムインフォメーション,システムインフォメーション
"MEDIA DO Co.,Ltd.",MEDIA DO,MEDIA DO,メディアドゥ,メディアドゥ
"ZIGExN Co.,Ltd.",ZIGExN,ZIGEXN,ジゲン,ジゲン
Hotto Link Inc.,Hotto Link,HOTTO LINK,ホットリンク,ホットリンク
"V-cube,Inc.",V cube,V CUBE,ブイキューブ,ブイキューブ
"Encourage Technologies Co.,Ltd.",Encourage Technologies,ENCOURAGE TECHNOLOGIES,エンカレッジテクノロジーズ,エンカレッジテクノロジーズ
"CYBERLINKS CO.,LTD.",CYBERLINKS,CYBERLINKS,サイバーリンクス,サイバーリンクス
DLE Inc.,DLE,DLE,ディーエルイー,ディーエルイー
Fixstars Corporation,Fixstars,FIXSTARS,フィックスターズ,フィックスターズ
"CARTA HOLDINGS,INC.",CARTA,CARTA,カルタ,カルタ
YRGLM Inc.,YRGLM,YRGLM,イルグルム,イルグルム
"REALWORLD,inc.",REALWORLD,REALWORLD,リアルワールド,リアルワールド
"FFRI Security,Inc.",FFRI Security,FFRI SECURITY,エフエフアールアイセキュリティ,エフエフアールアイセキュリティ
OPTiM CORPORATION,OPTiM,OPTIM,オプティム,オプティム
"GMO Research,Inc.",GMO Research,GMO RESEARCH,ジーエムオーリサーチ,ジーエムオーリサーチ
CERES INC.,CERES,CERES,セレス,セレス
SHIFT Inc.,SHIFT,SHIFT,シフト,シフト
"CRI Middleware Co.,Ltd.",CRI Middleware,CRI MIDDLEWARE,シーアールアイミドルウェア,シーアールアイミドルウェア
"Jorudan Co.,Ltd.",Jorudan,JORUDAN,ジョルダン,ジョルダン
"Information Planning CO.,LTD.",Information Planning,INFORMATION PLANNING,インフォメーションプランニング,インフォメーションプランニング
"GEXEED CO.,LTD.",GEXEED,GEXEED,ジェクシード,ジェクシード
NIHON FALCOM CORPORATION,NIHON FALCOM,NIHON FALCOM,ニホンファルコム,ニホンファルコム
VeriServe Corporation,VeriServe,VERISERVE,ベリサーブ,ベリサーブ
Aplix Corporation,Aplix,APLIX,アプリックス,アプリックス
"Software Service,Inc.",Software Service,SOFTWARE SERVICE,ソフトウェアサービス,ソフトウェアサービス
T-Gaia Corporation,T Gaia,T GAIA,ティーガイア,ティーガイア
"Systems Engineering Consultants Co.,LTD.",Systems Engineering Consultants,SYSTEMS ENGINEERING CONSULTANTS,セック,セック
SIOS Corporation,SIOS,SIOS,サイオス,サイオス
"INTERTRADE Co.,Ltd.",INTERTRADE,INTERTRADE,インタートレード,インタートレード
FRACTALE Corporation,FRACTALE,FRACTALE,フラクタル,フラクタル
Japan Asia Group Limited,Japan Asia Limited,JAPAN ASIA LIMITED,ジャパンアジア,ジャパンアジア
FLIGHT HOLDINGS Inc.,FLIGHT,FLIGHT,フライト,フライト
"MAMEZOU HOLDINGS CO.,LTD.",MAMEZOU,MAMEZOU,マメゾウ,マメゾウ
Aeria Inc.,Aeria,AERIA,エイリア,エイリア
"CAVE Interactive CO.,LTD.",CAVE Interactive,CAVE INTERACTIVE,ケイブインタラクティブ,ケイブインタラクティブ
TECHMATRIX CORPORATION,TECHMATRIX,TECHMATRIX,テクマトリックス,テクマトリックス
Pro-Ship Incorporated,Pro Ship Incorporated,PRO SHIP INCORPORATED,プロシップ,プロシップ
"GungHo Online Entertainment,Inc.",GungHo Online Entertainment,GUNGHO ONLINE ENTERTAINMENT,ガンホーオンラインエンターテイメント,ガンホーオンラインエンターテイメント
"SYSTEMS DESIGN Co.,Ltd.",SYSTEMS DESIGN,SYSTEMS DESIGN,システムズデザイン,システムズデザイン
Riskmonster.com,Riskmonster com,RISKMONSTER COM,リスクモンスター,リスクモンスター
"GMO Payment Gateway,Inc.",GMO Payment Gateway,GMO PAYMENT GATEWAY,ジーエムオーペイメントゲートウェイ,ジーエムオーペイメントゲートウェイ
"ZAPPALLAS,INC.",ZAPPALLAS,ZAPPALLAS,ザッパラス,ザッパラス
"SYSTEM RESEARCH CO.,LTD.",SYSTEM RESEARCH,SYSTEM RESEARCH,システムリサーチ,システムリサーチ
"Advanced Media,Inc.",Advanced Media,ADVANCED MEDIA,アドバンストメディア,アドバンストメディア
Internet Initiative Japan Inc.,Internet Initiative Japan,INTERNET INITIATIVE JAPAN,インターネットイニシアティブジャパン,インターネットイニシアティブジャパン
"BroadBand Tower,Inc.",BroadBand Tower,BROADBAND TOWER,ブロードバンドタワー,ブロードバンドタワー
FHT holdings Corp.,FHT Corp,FHT CORP,エフエイチティー,エフエイチティー
SAKURA internet Inc.,SAKURA internet,SAKURA INTERNET,サクラインターネット,サクラインターネット
"J ESCOM HOLDINGS,INC.",J ESCOM,J ESCOM,ジェイエスコム,ジェイエスコム
"DDS,Inc.",DDS,DDS,ディーディーエス,ディーディーエス
VINX CORP.,VINX CORP,VINX CORP,ヴィンクス,ヴィンクス
"Techno Mathematical Co.,Ltd.",Techno Mathematical,TECHNO MATHEMATICAL,テクノマセマティカル,テクノマセマティカル
GMO GlobalSign Holdings K.K.,GMO GlobalSign K K,GMO GLOBALSIGN K K,ジーエムオーグローバルサイン,ジーエムオーグローバルサイン
"IG Port,Inc.",IG Port,IG PORT,アイジーポート,アイジーポート
"Drecom Co.,Ltd.",Drecom,DRECOM,ドリコム,ドリコム
"e-Seikatsu Co.,Ltd.",e Seikatsu,E SEIKATSU,イーセイカツ,イーセイカツ
"ULS Group,Inc.",ULS,ULS,ユーエルエス,ユーエルエス
Keyware Solutions Inc.,Keyware Solutions,KEYWARE SOLUTIONS,キーウェアソリューションズ,キーウェアソリューションズ
UNIRITA Inc.,UNIRITA,UNIRITA,ユニリタ,ユニリタ
"ECOMIC CO.,LTD",ECOMIC LTD,ECOMIC LTD,エコミック,エコミック
Image Information Inc.,Image Information,IMAGE INFORMATION,イメージインフォメーション,イメージインフォメーション
System D Inc.,System D,SYSTEM D,システムディー,システムディー
FISCO Ltd.,FISCO,FISCO,フィスコ,フィスコ
"CyberStep,Inc.",CyberStep,CYBERSTEP,サイバーステップ,サイバーステップ
"Alphax Food System Co.,LTD",Alphax Food System LTD,ALPHAX FOOD SYSTEM LTD,アルファックスフードシステム,アルファックスフードシステム
"Media Kobo,Inc.",Media Kobo,MEDIA KOBO,メディアコウボウ,メディアコウボウ
"DAIWA COMPUTER CO.,LTD.",DAIWA COMPUTER,DAIWA COMPUTER,ダイワコンピュータ,ダイワコンピュータ
"SRA Holdings,Inc.",SRA,SRA,エスアールエー,エスアールエー
"Minori Solutions Co.,Ltd.",Minori Solutions,MINORI SOLUTIONS,ミノリソリューションズ,ミノリソリューションズ
"Acrodea,Inc.",Acrodea,ACRODEA,アクロディア,アクロディア
"Remixpoint,inc.",Remixpoint,REMIXPOINT,リミックスポイント,リミックスポイント
System Integrator Corp.,System Integrator Corp,SYSTEM INTEGRATOR CORP,システムインテグレータ,システムインテグレータ
"Asahi Net,Inc.",Asahi Net,ASAHI NET,アサヒネット,アサヒネット
"eBASE Co.,Ltd.",eBASE,EBASE,イーベース,イーベース
AVANT CORPORATION,AVANT,AVANT,アバント,アバント
Ad-Sol Nissin Corporation,Ad Sol Nissin,AD SOL NISSIN,アドソルニッシン,アドソルニッシン
"ODK Solutions Company,Ltd.",ODK Solutions Company,ODK SOLUTIONS COMPANY,オーディーケーソリューションズ,オーディーケーソリューションズ
PATH Corporation,PATH,PATH,パス,パス
Jedat Inc.,Jedat,JEDAT,ジーダット,ジーダット
"Nextgen,Inc.",Nextgen,NEXTGEN,ネクストジェン,ネクストジェン
"FreeBit Co.,Ltd.",FreeBit,FREEBIT,フリービット,フリービット
COMTURE CORPORATION,COMTURE,COMTURE,コムチュア,コムチュア
I-FREEK MOBILE INC.,I FREEK MOBILE,I FREEK MOBILE,アイフリークモバイル,アイフリークモバイル
PACIFIC SYSTEMS CORPORATION,PACIFIC SYSTEMS,PACIFIC SYSTEMS,パシフィックシステムズ,パシフィックシステムズ
"Data Applications Company,Limited",Data Applications Company Limited,DATA APPLICATIONS COMPANY LIMITED,データアプリケーション,データアプリケーション
NTT DATA INTRAMART CORPORATION,NTT DATA INTRAMART,NTT DATA INTRAMART,イントラマート,イントラマート
"Nippon Ichi Software,Inc.",Nippon Ichi Software,NIPPON ICHI SOFTWARE,ニッポンイチソフトウェア,ニッポンイチソフトウェア
"Cyber Com Co.,Ltd.",Cyber Com,CYBER COM,サイバーコム,サイバーコム
ASTERIA Corporation,ASTERIA,ASTERIA,アステリア,アステリア
I'LL INC,I'LL INC,I'LL INC,アイル,アイル
"LAC Co.,Ltd.",LAC,LAC,ラック,ラック
Ubiquitous AI Corporation,Ubiquitous AI,UBIQUITOUS AI,ユビキタスエーアイ,ユビキタスエーアイ
CrowdWorks Inc.,CrowdWorks,CROWDWORKS,クラウドワークス,クラウドワークス
"MarkLines Co.,Ltd.",MarkLines,MARKLINES,マークラインズ,マークラインズ
"Medical Data Vision Co.,Ltd.",Medical Data Vision,MEDICAL DATA VISION,メディカルデータビジョン,メディカルデータビジョン
gumi Inc.,gumi,GUMI,グミ,グミ
KAYAC Inc.,KAYAC,KAYAC,カヤック,カヤック
Datasection Inc.,Datasection,DATASECTION,データセクション,データセクション
ALBERT Inc.,ALBERT,ALBERT,アルベルト,アルベルト
Silicon Studio Corp.,Silicon Studio Corp,SILICON STUDIO CORP,シリコンスタジオ,シリコンスタジオ
Collabos Corporation,Collabos,COLLABOS,コラボス,コラボス
Showcase Inc.,Showcase,SHOWCASE,ショーケース,ショーケース
MKSystem Corporation,MKSystem,MKSYSTEM,エムケイシステム,エムケイシステム
Aiming Inc.,Aiming,AIMING,エイミング,エイミング
"Mobile Factory,Inc.",Mobile Factory,MOBILE FACTORY,モバイルファクトリー,モバイルファクトリー
"sMedio,Inc.",sMedio,SMEDIO,エスメディオ,エスメディオ
JIG-SAW INC.,JIG SAW,JIG SAW,ジグソー,ジグソー
"TerraSky Co.,Ltd",TerraSky Ltd,TERRASKY LTD,テラスカイ,テラスカイ
Digital Information Technologies Corporation,Digital Information Technologies,DIGITAL INFORMATION TECHNOLOGIES,デジタルインフォメーションテクノロジーズ,デジタルインフォメーションテクノロジーズ
"iRidge,Inc.",iRidge,IRIDGE,アイリッジ,アイリッジ
"PCI Holdings,INC.",PCI,PCI,ピーシーアイ,ピーシーアイ
"PiPEDO HD,Inc.",PiPEDO HD,PIPEDO HD,パイプド,パイプド
"Internetworking and Broadband Consulting Co.,Ltd.",Internetworking and Broadband Consulting,INTERNETWORKING AND BROADBAND CONSULTING,ンターネットワーキングアンドブロードバンドコンサルティング,ンターネットワーキングアンドブロードバンドコンサルティング
NEOJAPAN Inc.,NEOJAPAN,NEOJAPAN,ネオジャパン,ネオジャパン
"PR TIMES,Inc.",PR TIMES,PR TIMES,ピーアールタイムス,ピーアールタイムス
"RAKUS Co.,Ltd.",RAKUS,RAKUS,ラクス,ラクス
"R&D COMPUTER CO.,LTD.",R D COMPUTER,R D COMPUTER,アールアンドディーコンピュータ,アールアンドディーコンピュータ
Double Standard Inc.,Double Standard,DOUBLE STANDARD,ダブルスタンダード,ダブルスタンダード
Open Door Inc.,Open Door,OPEN DOOR,オープンドア,オープンドア
Fuva Brain Limited,Fuva Brain Limited,FUVA BRAIN LIMITED,フーバブレイン,フーバブレイン
Mynet Inc.,Mynet,MYNET,マイネット,マイネット
"SOCIALWIRE CO.,LTD.",SOCIALWIRE,SOCIALWIRE,ソーシャルワイヤー,ソーシャルワイヤー
"Hatena Co.,Ltd.",Hatena,HATENA,ハテナ,ハテナ
VALUE GOLF Inc.,VALUE GOLF,VALUE GOLF,バリューゴルフ,バリューゴルフ
Akatsuki Inc.,Akatsuki,AKATSUKI,アカツキ,アカツキ
"CHIeru Co.,Ltd.",CHIeru,CHIERU,チエル,チエル
"BENEFIT JAPAN Co.,LTD.",BENEFIT JAPAN,BENEFIT JAPAN,ベネフィットジャパン,ベネフィットジャパン
"Edia Co.,Ltd.",Edia,EDIA,エディア,エディア
"Globalway,Inc.",Globalway,GLOBALWAY,グローバルウェイ,グローバルウェイ
"Ubicom Holdings,Inc.",Ubicom,UBICOM,ユビコム,ユビコム
LINE Corporation,LINE,LINE,ライン,ライン
"Kanamic Network Co.,LTD",Kanamic Network LTD,KANAMIC NETWORK LTD,カナミックネットワーク,カナミックネットワーク
"Nomura System Corporation Co,Ltd.",Nomura System Co,NOMURA SYSTEM CO,ノムラシステム,ノムラシステム
VALUEDESIGN INC.,VALUEDESIGN,VALUEDESIGN,バリューデザイン,バリューデザイン
"Silver Egg Technology CO.,Ltd.",Silver Egg Technology,SILVER EGG TECHNOLOGY,シルバーエッグテクノロジー,シルバーエッグテクノロジー
CHANGE Inc.,CHANGE,CHANGE,チェンジ,チェンジ
"Synchro Food Co.,Ltd.",Synchro Food,SYNCHRO FOOD,シンクロフード,シンクロフード
AUCNET INC.,AUCNET,AUCNET,オークネット,オークネット
"Capital Asset Planning,Inc.",Capital Asset Planning,CAPITAL ASSET PLANNING,キャピタルアセットプランニング,キャピタルアセットプランニング
"Uzabase,Inc.",Uzabase,UZABASE,ユーザベース,ユーザベース
"Eltes Co.,Ltd.",Eltes,ELTES,エルテス,エルテス
"Segue Group Co.,Ltd.",Segue,SEGUE,セグエ,セグエ
ATLED CORP.,ATLED CORP,ATLED CORP,エイトレッド,エイトレッド
Innovation Inc.,Innovation,INNOVATION,イノベーション,イノベーション
TBCSCAT Inc.,TBCSCAT,TBCSCAT,ティビィシィスキヤツト,ティビィシィスキヤツト
AOI TYO Holdings Inc.,AOI TYO,AOI TYO,アオイティーワイオー,アオイティーワイオー
SHANON Inc.,SHANON,SHANON,シャノン,シャノン
"MACROMILL,INC.",MACROMILL,MACROMILL,マクロミル,マクロミル
"ULURU.CO.,LTD.",ULURU,ULURU,ウルル,ウルル
Beaglee Inc.,Beaglee,BEAGLEE,ビーグリー,ビーグリー
"ORO Co.,Ltd.",ORO,ORO,オロ,オロ
"User Local,Inc.",User Local,USER LOCAL,ユーザーローカル,ユーザーローカル
TEMONA.inc.,TEMONA,TEMONA,テモナ,テモナ
"bBreak Systems Company,Limited",bBreak Systems Company Limited,BBREAK SYSTEMS COMPANY LIMITED,ビーブレイクシステムズ,ビーブレイクシステムズ
Ecomott Inc.,Ecomott,ECOMOTT,エコモット,エコモット
"SYS Holdings Co.,Ltd.",SYS,SYS,エスワイエス,エスワイエス
SHARINGTECHNOLOGY.INC,SHARINGTECHNOLOGY INC,SHARINGTECHNOLOGY INC,シェアリングテクノロジー,シェアリングテクノロジー
"UUUM Co.,Ltd.",UUUM,UUUM,ウーム,ウーム
"Wantedly,Inc",Wantedly Inc,WANTEDLY INC,ウォンテッドリー,ウォンテッドリー
Needs Well Inc.,Needs Well,NEEDS WELL,ニーズウェル,ニーズウェル
PKSHA Technology Inc.,PKSHA Technology,PKSHA TECHNOLOGY,パークシャテクノロジー,パークシャテクノロジー
"Money Forward,Inc.",Money Forward,MONEY FORWARD,マネーフォワード,マネーフォワード
SKIYAKI Inc.,SKIYAKI,SKIYAKI,スキヤキ,スキヤキ
Signpost Corporation,Signpost,SIGNPOST,サインポスト,サインポスト
"TRADE WORKS Co.,Ltd",TRADE WORKS Ltd,TRADE WORKS LTD,トレードワークス,トレードワークス
"SuRaLa Net Co.,Ltd.",SuRaLa Net,SURALA NET,スララネット,スララネット
KnowledgeSuite Inc.,KnowledgeSuite,KNOWLEDGESUITE,ナレッジスイート,ナレッジスイート
"Headwaters Co.,Ltd",Headwaters Ltd,HEADWATERS LTD,ヘッドウォータース,ヘッドウォータース
"AXIS CO.,LTD.",AXIS,AXIS,アクシス,アクシス
"Kinjiro Co.,Ltd.",Kinjiro,KINJIRO,キンジロウ,キンジロウ
"KARADANOTE,INC.",KARADANOTE,KARADANOTE,カラダノート,カラダノート
arara inc.,arara,ARARA,アララ,アララ
"MIT Holdings CO.,LTD.",MIT,MIT,エムアイティー,エムアイティー
CREEMA LTD.,CREEMA,CREEMA,クリーマ,クリーマ
"Stamen Co.,Ltd.",Stamen,STAMEN,スタメン,スタメン
BETREND CORPORATION,BETREND,BETREND,ビートレンド,ビートレンド
"GMO Financial Gate,Inc.",GMO Financial Gate,GMO FINANCIAL GATE,ジーエムオーフィナンシャルゲート,ジーエムオーフィナンシャルゲート
Ficha Inc.,Ficha,FICHA,フィチャ,フィチャ
Sun* Inc.,Sun*,SUN*,サンアスタリスク,サンアスタリスク
"Nihon Jyoho Create Co.,Ltd.",Nihon Jyoho Create,NIHON JYOHO CREATE,ニホンジョウホウクリエイト,ニホンジョウホウクリエイト
T&S inc.,T S,T S,ティーアンドエス,ティーアンドエス
Neural Pocket Inc.,Neural Pocket,NEURAL POCKET,ニューラルポケット,ニューラルポケット
"Interfactory,Inc.",Interfactory,INTERFACTORY,インターファクトリー,インターファクトリー
"Toyokumo,Inc.",Toyokumo,TOYOKUMO,トヨクモ,トヨクモ
"Magmag,Inc.",Magmag,MAGMAG,マグマグ,マグマグ
rakumo Inc.,rakumo,RAKUMO,ラクモ,ラクモ
Basis Corporation,Basis,BASIS,ベイシス,ベイシス
BlueMeme Inc.,BlueMeme,BLUEMEME,ブルーミーム,ブルーミーム
"Plus Alpha Consulting Co.,LTD.",Plus Alpha Consulting,PLUS ALPHA CONSULTING,プラスアルファコンサルティング,プラスアルファコンサルティング
"Densan System Holdings Co.,Ltd.",Densan System,DENSAN SYSTEM,デンサンシステム,デンサンシステム
"Global Communication Planning Co.,Ltd.",Global Communication Planning,GLOBAL COMMUNICATION PLANNING,グローバルコミュニケーションプランニング,グローバルコミュニケーションプランニング
"LaKeel,Inc.",LaKeel,LAKEEL,ラキール,ラキール
"Brains Technology,Inc.",Brains Technology,BRAINS TECHNOLOGY,ブレインズテクノロジー,ブレインズテクノロジー
"CNS Co.,Ltd.",CNS,CNS,シーエヌエス,シーエヌエス
"PLAID,Inc.",PLAID,PLAID,プレイド,プレイド
Cacco Inc.,Cacco,CACCO,カッコ,カッコ
Kokopelli Inc.,Kokopelli,KOKOPELLI,ココペリ,ココペリ
"Yappli,Inc.",Yappli,YAPPLI,ヤプリ,ヤプリ
ENECHANGE Ltd.,ENECHANGE,ENECHANGE,イーネチェンジ,イーネチェンジ
"Kaizen Platform,Inc.",Kaizen Platform,KAIZEN PLATFORM,カイゼンプラットフォーム,カイゼンプラットフォーム
"Global Information,Inc.",Global Information,GLOBAL INFORMATION,グローバルインフォメーション,グローバルインフォメーション
"TOWA Hi SYSTEM CO.,LTD.",TOWA Hi SYSTEM,TOWA HI SYSTEM,トーワハイシステム,トーワハイシステム
WACUL.INC,WACUL INC,WACUL INC,ワカル,ワカル
Appirits Inc.,Appirits,APPIRITS,アピリッツ,アピリッツ
coly Inc.,coly,COLY,コリー,コリー
coconala Inc.,coconala,COCONALA,ココナラ,ココナラ
"i-plug,Inc.",i plug,I PLUG,アイプラグ,アイプラグ
Sharing Innovations Inc.,Sharing Innovations,SHARING INNOVATIONS,シェアリングイノベーションズ,シェアリングイノベーションズ
G-NEXT Inc.,G NEXT,G NEXT,ジーネクスト,ジーネクスト
"Appier Group,Inc.",Appier,APPIER,アピア,アピア
SpiderPlus & Co.,SpiderPlus,SPIDERPLUS,スパイダープラス,スパイダープラス
"Fabrica Communications Co.,LTD.",Fabrica Communications,FABRICA COMMUNICATIONS,ファブリカコミュニケーションズ,ファブリカコミュニケーションズ
"Visional,Inc.",Visional,VISIONAL,ビジョナル,ビジョナル
NEO MARKETING Inc.,NEO MARKETING,NEO MARKETING,ネオマーケティング,ネオマーケティング
"TENDA Co.,LTD.",TENDA,TENDA,テンダ,テンダ
WonderPlanet Inc.,WonderPlanet,WONDERPLANET,ワンダープラネット,ワンダープラネット
"HCS HOLDINGS CO.,LTD.",HCS,HCS,エイチシーエス,エイチシーエス
THECOO Inc.,THECOO,THECOO,ザクー,ザクー
"CYND Co.,Ltd.",CYND,CYND,シンド,シンド
AMIYA Corporation,AMIYA,AMIYA,アミヤ,アミヤ
ExaWizards Inc.,ExaWizards,EXAWIZARDS,エクサウィザーズ,エクサウィザーズ
"Hybrid Technologies Co.,Ltd.",Hybrid Technologies,HYBRID TECHNOLOGIES,ハイブリッドテクノロジーズ,ハイブリッドテクノロジーズ
"AsiaQuest Co.,Ltd.",AsiaQuest,ASIAQUEST,アジアクエスト,アジアクエスト
"NIFTY Lifestyle Co.,Ltd.",NIFTY Lifestyle,NIFTY LIFESTYLE,ニフティライフスタイル,ニフティライフスタイル
"SUSMED,Inc.",SUSMED,SUSMED,サスメド,サスメド
"SECURE,INC.",SECURE,SECURE,セキュア,セキュア
Institution for a Global Society Corporation,Institution for a Global Society,INSTITUTION FOR A GLOBAL SOCIETY,インスティテューションフォーアグローバルソサエティ,インスティテューションフォーアグローバルソサエティ
"SOLXYZ Co.,Ltd.",SOLXYZ,SOLXYZ,ソルクシーズ,ソルクシーズ
JUST PLANNING INC.,JUST PLANNING,JUST PLANNING,ジャストプランニング,ジャストプランニング
"Asgent,Inc.",Asgent,ASGENT,アスジェント,アスジェント
"Faith, Inc.",Faith,FAITH,フェイス,フェイス
PROTO CORPORATION,PROTO,PROTO,プロト,プロト
"HIMACS,Ltd.",HIMACS,HIMACS,ハイマックス,ハイマックス
Estore Corporation,Estore,ESTORE,イーストア,イーストア
"Nomura Research Institute,Ltd.",Nomura Research Institute,NOMURA RESEARCH INSTITUTE,ノムラソウゴウケンキュウジョ,ノムラソウケン
J-Stream Inc.,J Stream,J STREAM,ジェイストリーム,ジェイストリーム
"Cybernet Systems Co.,Ltd.",Cybernet Systems,CYBERNET SYSTEMS,サイバネットシステムズ,サイバネットシステムズ
"BeMap,Inc.",BeMap,BEMAP,ビーマップ,ビーマップ
"CE Holdings Co.,Ltd.",CE,CE,シーイー,シーイー
"Japan System Techniques Co.,Ltd.",Japan System Techniques,JAPAN SYSTEM TECHNIQUES,ジャパンシステムテクニークス,ジャパンシステムテクニークス
INTAGE HOLDINGS Inc.,INTAGE,INTAGE,インテージ,インテージ
"TOHO SYSTEM SCIENCE CO.,LTD.",TOHO SYSTEM SCIENCE,TOHO SYSTEM SCIENCE,トーホーシステムサイエンス,トーホーシステムサイエンス
"YUKE'S Co.,Ltd.",YUKE'S,YUKE'S,ユークス,ユークス
"IPS CO.,LTD.",IPS,IPS,アイピーエス,アイピーエス
SOURCENEXT CORPORATION,SOURCENEXT,SOURCENEXT,ソースネクスト,ソースネクスト
INFOCOM CORPORATION,INFOCOM,INFOCOM,インフォコム,インフォコム
"APPLIED TECHNOLOGY CO.,LTD.",APPLIED TECHNOLOGY,APPLIED TECHNOLOGY,アプライドテクノロジー,アプライドテクノロジー
Mobilus Corporation,Mobilus,MOBILUS,モビラス,モビラス
Core Concept Technologies Inc.,Core Concept Technologies,CORE CONCEPT TECHNOLOGIES,コアコンセプトテクノロジーズ,コアコンセプトテクノロジーズ
"YMIRLINK,Inc.",YMIRLINK,YMIRLINK,ユミルリンク,ユミルリンク
"Simplex Holdings,Inc.",Simplex,SIMPLEX,シンプレクス,シンプレクス
ROBOT PAYMENT INC.,ROBOT PAYMENT,ROBOT PAYMENT,ロボットペイメント,ロボットペイメント
Safie Inc.,Safie,SAFIE,セーフィー,セーフィー
Kufu Company Inc.,Kufu Company,KUFU COMPANY,クフウカンパニー,クフウカンパニー
ONE CAREER Inc.,ONE CAREER,ONE CAREER,ワンキャリア,ワンキャリア
CINC Corp.,CINC Corp,CINC CORP,シンク,シンク
Photosynth inc.,Photosynth,PHOTOSYNTH,フォトシンス,フォトシンス
M - mart Inc.,M mart,M MART,エムマート,エムマート
"BPLATS,Inc.",BPLATS,BPLATS,ビープラッツ,ビープラッツ
"HEROZ,Inc.",HEROZ,HEROZ,ヒーローズ,ヒーローズ
RAKSUL INC.,RAKSUL,RAKSUL,ラクスル,ラクスル
"Mercari,Inc.",Mercari,MERCARI,メルカリ,メルカリ
"SIG Group Co.,Ltd.",SIG,SIG,エスアイジー,エスアイジー
"ZUU Co.,Ltd.",ZUU,ZUU,ズー,ズー
"AI,Inc.",AI,AI,エーアイ,エーアイ
"Property Data Bank,Inc.",Property Data Bank,PROPERTY DATA BANK,プロパティデータバンク,プロパティデータバンク
"IPS,Inc.",IPS,IPS,アイピーエス,アイピーエス
"Logizard Co.,Ltd.",Logizard,LOGIZARD,ロジザード,ロジザード
"Future Innovation Group,Inc.",Future Innovation,FUTURE INNOVATION,フューチャーイノベーション,フューチャーイノベーション
"Bank of Innovation,Inc.",Bank of Innovation,BANK OF INNOVATION,バンクオブイノベーション,バンクオブイノベーション
"eXmotion Co.,Ltd.",eXmotion,EXMOTION,エクスモーション,エクスモーション
Accrete Inc.,Accrete,ACCRETE,アクレート,アクレート
System Support Inc.,System Support,SYSTEM SUPPORT,システムサポート,システムサポート
TeamSpirit Inc.,TeamSpirit,TEAMSPIRIT,チームスピリット,チームスピリット
"BroadBand Security,Inc.",BroadBand Security,BROADBAND SECURITY,ブロードバンドセキュリティ,ブロードバンドセキュリティ
"Science Arts,Inc.",Science Arts,SCIENCE ARTS,サイエンスアーツ,サイエンスアーツ
"baudroie,inc.",baudroie,BAUDROIE,ボードロア,ボードロア
"FLECT Co.,Ltd.",FLECT,FLECT,フレクト,フレクト
"BROAD ENTERPRISE CO.,LTD.",BROAD ENTERPRISE,BROAD ENTERPRISE,ブロードエンタープライズ,ブロードエンタープライズ
True Data Inc.,True Data,TRUE DATA,トゥルーデータ,トゥルーデータ
Global Security Experts Inc.,Global Security Experts,GLOBAL SECURITY EXPERTS,グローバルセキュリティエキスパーツ,グローバルセキュリティエキスパーツ
Japan Data Science Consortium Co.Ltd.,Japan Data Science Consortium,JAPAN DATA SCIENCE CONSORTIUM,ジャパンデータサイエンスコンソーシアム,ジャパンデータサイエンスコンソーシアム
Finatext Holdings Ltd.,Finatext,FINATEXT,フィナテキスト,フィナテキスト
"eSOL Co.,Ltd.",eSOL,ESOL,イーソル,イーソル
"D.I.System Co.,Ltd.",D I System,D I SYSTEM,ディーアイシステム,ディーアイシステム
VALUENEX Japan Inc.,VALUENEX Japan,VALUENEX JAPAN,バリューネクスジャパン,バリューネクスジャパン
ARTERIA Networks Corporation,ARTERIA Networks,ARTERIA NETWORKS,アルテリアネットワークス,アルテリアネットワークス
"Amazia,inc.",Amazia,AMAZIA,アメイジア,アメイジア
Kudan Inc.,Kudan,KUDAN,クダン,クダン
"EduLab,Inc.",EduLab,EDULAB,エデュラボ,エデュラボ
sinops Inc.,sinops,SINOPS,シノプス,シノプス
"Ricksoft Co.,Ltd.",Ricksoft,RICKSOFT,リックソフト,リックソフト
"TOKAI SOFT CO.,LTD.",TOKAI SOFT,TOKAI SOFT,トウカイソフト,トウカイソフト
"Smaregi,Inc.",Smaregi,SMAREGI,スマレジ,スマレジ
WingArc1st Inc.,WingArc1st,WINGARC1ST,ウイングアークワンスト,ウイングアークワンスト
"HITO-Communications Holdings,Inc.",HITO Communications,HITO COMMUNICATIONS,ヒトコミュニケーションズ,ヒトコミュニケーションズ
"Serverworks Co.,Ltd.",Serverworks,SERVERWORKS,サーバーワークス,サーバーワークス
"kaonavi,inc.",kaonavi,KAONAVI,カオナビ,カオナビ
"MINKABU THE INFONOID,Inc.",MINKABU THE INFONOID,MINKABU THE INFONOID,ミンカブザインフォノイド,ミンカブザインフォノイド
"gooddays holdings,Inc.",gooddays,GOODDAYS,グッデイズ,グッデイズ
Welby Inc.,Welby,WELBY,ウェルビー,ウェルビー
"TOUMEI CO.,LTD.",TOUMEI,TOUMEI,トウメイ,トウメイ
WITZ Corporation,WITZ,WITZ,ウィッツ,ウィッツ
Tobila Systems Inc.,Tobila Systems,TOBILA SYSTEMS,トビラシステムズ,トビラシステムズ
"VALTES CO.,LTD.",VALTES,VALTES,バルテス,バルテス
"Sansan,Inc.",Sansan,SANSAN,サンサン,サンサン
infoNet inc.,infoNet,INFONET,インフォネット,インフォネット
Living Technologies Inc.,Living Technologies,LIVING TECHNOLOGIES,リビングテクノロジーズ,リビングテクノロジーズ
Link-U Inc.,Link U,LINK U,リンクユー,リンクユー
"Chatwork Co.,Ltd.",Chatwork,CHATWORK,チャットワーク,チャットワーク
giftee Inc.,giftee,GIFTEE,ギフティ,ギフティ
"Power Solutions,Ltd.",Power Solutions,POWER SOLUTIONS,パワーソリューションズ,パワーソリューションズ
HENNGE K.K.,HENNGE K K,HENNGE K K,ヘンゲ,ヘンゲ
AI CROSS Inc.,AI CROSS,AI CROSS,エーアイクロス,エーアイクロス
"BASE,Inc.",BASE,BASE,ベイス,ベイス
freee K.K.,freee K K,FREEE K K,フリー,フリー
"Makuake,Inc.",Makuake,MAKUAKE,マクアケ,マクアケ
"MEDLEY,INC.",MEDLEY,MEDLEY,メドレー,メドレー
"BASE CO.,LTD.",BASE,BASE,ベース,ベース
WILLs Inc.,WILLs,WILLS,ウィルズ,ウィルズ
JMDC Inc.,JMDC,JMDC,ジェイエムディーシー,ジェイエムディーシー
"LANCERS,INC.",LANCERS,LANCERS,ランサーズ,ランサーズ
JTOWER Inc.,JTOWER,JTOWER,ジェイタワー,ジェイタワー
Unite and Grow Inc.,Unite and Grow,UNITE AND GROW,ユナイトアンドグロウ,ユナイトアンドグロウ
"Spacemarket,Inc.",Spacemarket,SPACEMARKET,スペースマーケット,スペースマーケット
AI inside Inc.,AI inside,AI INSIDE,エーアイインサイド,エーアイインサイド
Payroll Inc.,Payroll,PAYROLL,ペイロール,ペイロール
VisasQ Inc.,VisasQ,VISASQ,ビザスク,ビザスク
"Computer Management Co.,Ltd.",Computer Management,COMPUTER MANAGEMENT,コンピュータマネジメント,コンピュータマネジメント
GENETEC CORPORATION,GENETEC,GENETEC,ジェネテック,ジェネテック
"Cyber Security Cloud,Inc.",Cyber Security Cloud,CYBER SECURITY CLOUD,サイバーセキュリティクラウド,サイバーセキュリティクラウド
Vario Secure Inc.,Vario Secure,VARIO SECURE,バリオセキュア,バリオセキュア
"i3 Systems,Inc.",i3 Systems,I3 SYSTEMS,アイスリーシステムズ,アイスリーシステムズ
Commerce One Holdings Inc.,Commerce One,COMMERCE ONE,コマースワン,コマースワン
"Cybertrust Japan Co.,Ltd.",Cybertrust Japan,CYBERTRUST JAPAN,サイバートラストジャパン,サイバートラストジャパン
"Speee,Inc.",Speee,SPEEE,スピー,スピー
"Imagineer Co.,Ltd.",Imagineer,IMAGINEER,イマジニア,イマジニア
Focus Systems Corporation,Focus Systems,FOCUS SYSTEMS,フォーカスシステムズ,フォーカスシステムズ
"AISAN TECHNOLOGY CO.,LTD.",AISAN TECHNOLOGY,AISAN TECHNOLOGY,アイサンテクノロジー,アイサンテクノロジー
CRESCO LTD.,CRESCO,CRESCO,クレスコ,クレスコ
"FUJI MEDIA HOLDINGS,INC.",FUJI MEDIA,FUJI MEDIA,フジメディア,フジメディア
"OBIC Co.,Ltd.",OBIC,OBIC,オービック,オービック
"Ryoyu Systems Co.,Ltd.",Ryoyu Systems,RYOYU SYSTEMS,リョウユウシステムズ,リョウユウシステムズ
JUSTSYSTEMS CORPORATION,JUSTSYSTEMS,JUSTSYSTEMS,ジャストシステム,ジャストシステム
TDC SOFT Inc.,TDC SOFT,TDC SOFT,ティーディーシーソフト,ティーディーシーソフト
Z Holdings Corporation,Z,Z,ゼット,ゼット
Trend Micro Incorporated,Trend Micro Incorporated,TREND MICRO INCORPORATED,トレンドマイクロ,トレンドマイクロ
ID Holdings Corporation,ID,ID,アイディー,アイディー
ORACLE CORPORATION JAPAN,ORACLE JAPAN,ORACLE JAPAN,ニホンオラクル,ニホンオラクル
ALPHA SYSTEMS INC.,ALPHA SYSTEMS,ALPHA SYSTEMS,アルファシステムズ,アルファシステムズ
Future Corporation,Future,FUTURE,フューチャー,フューチャー
CAC Holdings Corporation,CAC,CAC,シーエーシー,シーエーシー
SB Technology Corp.,SB Technology Corp,SB TECHNOLOGY CORP,エスビー・テクノロジー,エスビー・テクノロジー
"TOSE CO.,LTD.",TOSE,TOSE,トーセ,トーセ
"OBIC BUSINESS CONSULTANTS CO.,LTD.",OBIC BUSINESS CONSULTANTS,OBIC BUSINESS CONSULTANTS,オービックビジネスコンサルタント,オービックビジネスコンサルタント
Nippon RAD Inc.,Nippon RAD,NIPPON RAD,ニッポンラッド,ニッポンラッド
ITOCHU Techno-Solutions Corporation,ITOCHU Techno Solutions,ITOCHU TECHNO SOLUTIONS,イトウチュウテクノソリューションズ,イトウチュウテクノソリューションズ
ITFOR Inc.,ITFOR,ITFOR,アイティフォー,アイティフォー
"Toukei Computer Co.,Ltd.",Toukei Computer,TOUKEI COMPUTER,トウケイコンピュータ,トウケイコンピュータ
KOZO KEIKAKU ENGINEERING Inc.,KOZO KEIKAKU ENGINEERING,KOZO KEIKAKU ENGINEERING,コウゾウケイカクエンジニアリング,コウゾウケイカクエンジニアリング
SHOWA SYSTEM ENGINEERING CORPORATION,SHOWA SYSTEM ENGINEERING,SHOWA SYSTEM ENGINEERING,ショウワシステムエンジニアリング,ショウワシステムエンジニアリング
SAKURA KCS Corporation,SAKURA KCS,SAKURA KCS,サクライケーシーエス,サクライケーシーエス
XNET Corporation,XNET,XNET,エックスネット,エックスネット
"Nexus Bank Co.,Ltd.",Nexus Bank,NEXUS BANK,ネクサスバンク,ネクサスバンク
OTSUKA CORPORATION,OTSUKA,OTSUKA,オオツカショウカイ,オオツカショウカイ
"INFORMATION CREATIVE CO.,LTD.",INFORMATION CREATIVE,INFORMATION CREATIVE,インフォメーションクリエイティブ,インフォメーションクリエイティブ
"ZUKEN ELMIC,INC.",ZUKEN ELMIC,ZUKEN ELMIC,ズケンエルミック,ズケンエルミック
Stream Media Corporation,Stream Media,STREAM MEDIA,ストリームメディア,ストリームメディア
"Cybozu,Inc.",Cybozu,CYBOZU,サイボウズ,サイボウズ
GALA INCORPORATED,GALA INCORPORATED,GALA INCORPORATED,ガーラ,ガーラ
"SOFTBRAIN Co.,Ltd.",SOFTBRAIN,SOFTBRAIN,ソフトブレーン,ソフトブレーン
"Nippon Computer Dynamics Co.,Ltd.",Nippon Computer Dynamics,NIPPON COMPUTER DYNAMICS,ニッポンコンピュータダイナミクス,ニッポンコンピュータダイナミクス
Oricon Inc.,Oricon,ORICON,オリコン,オリコン
"Information Services International-Dentsu,Ltd.",Information Services International Dentsu,INFORMATION SERVICES INTERNATIONAL DENTSU,アイエスアイディー,アイエスアイディー
"ACCESS CO.,LTD.",ACCESS,ACCESS,アクセス,アクセス
Nextware Ltd.,Nextware,NEXTWARE,ネクストウェア,ネクストウェア
"TOEI ANIMATION CO.,LTD.",TOEI ANIMATION,TOEI ANIMATION,トウエイアニメーション,トウエイアニメーション
"Digital Garage,Inc.",Digital Garage,DIGITAL GARAGE,デジタルガレージ,デジタルガレージ
"EM SYSTEMS CO.,LTD.",EM SYSTEMS,EM SYSTEMS,イーエムシステムズ,イーエムシステムズ
"MEDIASEEK,inc.",MEDIASEEK,MEDIASEEK,メディアシーク,メディアシーク
WEATHERNEWS INC.,WEATHERNEWS,WEATHERNEWS,ウェザーニューズ,ウェザーニューズ
"Computer Institute of Japan, Ltd.",Computer Institute of Japan,COMPUTER INSTITUTE OF JAPAN,コンピュータインスティテュートオブジャパン,コンピュータインスティテュートオブジャパン
Business Engineering Corporation,Business Engineering,BUSINESS ENGINEERING,ビジネスエンジニアリング,ビジネスエンジニアリング
"Nihon Enterprise Co.,Ltd.",Nihon Enterprise,NIHON ENTERPRISE,ニホンエンタープライズ,ニホンエンタープライズ
"JFE Systems, Inc.",JFE Systems,JFE SYSTEMS,ジェイエフイーシステムズ,ジェイエフイーシステムズ
SPACE SHOWER NETWORKS INC.,SPACE SHOWER NETWORKS,SPACE SHOWER NETWORKS,スペースシャワーネットワークス,スペースシャワーネットワークス
WOWOW INC.,WOWOW,WOWOW,ワウワウ,ワウワウ
"Scala,Inc.",Scala,SCALA,スカラ,スカラ
INTELLIGENT WAVE INC.,INTELLIGENT WAVE,INTELLIGENT WAVE,インテリジェントウェイブ,インテリジェントウェイブ
"Nippon Columbia Co.,Ltd.",Nippon Columbia,NIPPON COLUMBIA,ニッポンコロムビア,ニッポンコロムビア
IMAGICA GROUP Inc.,IMAGICA,IMAGICA,イマジカ,イマジカ
ACMOS INC.,ACMOS,ACMOS,アクモス,アクモス
"SOPHIA HOLDINGS CO.,LTD.",SOPHIA,SOPHIA,ソフィア,ソフィア
"Net One Systems Co.,Ltd.",Net One Systems,NET ONE SYSTEMS,ネットワンシステムズ,ネットワンシステムズ
SystemSoft Corporation,SystemSoft,SYSTEMSOFT,システムソフト,システムソフト
ARGO GRAPHICS Inc.,ARGO GRAPHICS,ARGO GRAPHICS,アルゴグラフィックス,アルゴグラフィックス
Marvelous Inc.,Marvelous,MARVELOUS,マーベラス,マーベラス
Starts Publishing Corporation,Starts Publishing,STARTS PUBLISHING,スターツシュッパン,スターツシュッパン
Avex Inc.,Avex,AVEX,エイベックス,エイベックス
"Nihon Unisys,Ltd.",Nihon Unisys,NIHON UNISYS,ニホンユニシス,ニホンユニシス
KANEMATSU ELECTRONICS LTD.,KANEMATSU ELECTRONICS,KANEMATSU ELECTRONICS,カネマツエレクトロニクス,カネマツエレクトロニクス
"TSUZUKI DENKI CO.,LTD.",TSUZUKI DENKI,TSUZUKI DENKI,ツヅキデンキ,ツヅキデンキ
SUZUYO SHINWART CORPORATION,SUZUYO SHINWART,SUZUYO SHINWART,スズヨシンワート,スズヨシンワート
Beat Holdings Limited,Beat Limited,BEAT LIMITED,ビート,ビート
"TBS HOLDINGS,INC.",TBS,TBS,ティービーエス,ティービーエス
"Nippon Television Holdings,Inc.",Nippon Television,NIPPON TELEVISION,ニホンテレビ,ニホンテレビ
ASAHI BROADCASTING GROUP HOLDINGS CORPORATION,ASAHI BROADCASTING,ASAHI BROADCASTING,アサヒホウソウ,アサヒホウソウ
BROADCASTING SYSTEM OF NIIGATA INCORPORATED,BROADCASTING SYSTEM OF NIIGATA INCORPORATED,BROADCASTING SYSTEM OF NIIGATA INCORPORATED,ニイガタホウソウ,ニイガタホウソウ
TV Asahi Holdings Corporation,TV Asahi,TV ASAHI,テレビアサヒ,テレビアサヒ
SKY Perfect JSAT Holdings Inc.,SKY Perfect JSAT,SKY PERFECT JSAT,スカパージェイサット,スカパージェイサット
TV TOKYO Holdings Corporation,TV TOKYO,TV TOKYO,テレビトウキョウ,テレビトウキョウ
Nippon BS Broadcasting Corporation,Nippon BS Broadcasting,NIPPON BS BROADCASTING,ニッポンビーエスホウソウ,ニッポンビーエスホウソウ
VISION INC.,VISION,VISION,ビジョン,ビジョン
"Smartvalue Co.,Ltd.",Smartvalue,SMARTVALUE,スマートバリュー,スマートバリュー
"USEN-NEXT HOLDINGS Co.,Ltd.",USEN NEXT,USEN NEXT,ユーセンネクスト,ユーセンネクスト
"WirelessGate,Inc.",WirelessGate,WIRELESSGATE,ワイヤレスゲート,ワイヤレスゲート
NJ Holdings Inc.,NJ,NJ,エヌジェイ,エヌジェイ
CONEXIO Corporation,CONEXIO,CONEXIO,コネクシオ,コネクシオ
Forval RealStraight Inc.,Forval RealStraight,FORVAL REALSTRAIGHT,フォーバルリアルストレート,フォーバルリアルストレート
Japan Communications Inc.,Japan Communications,JAPAN COMMUNICATIONS,ニホンツウシン,ニホンツウシン
NIPPON TELEPHONE INC.,NIPPON TELEPHONE,NIPPON TELEPHONE,ニッポンデンワ,ニッポンデンワ
CROPS CORPORATION,CROPS,CROPS,クロップス,クロップス
NIPPON TELEGRAPH AND TELEPHONE CORPORATION,NIPPON TELEGRAPH AND TELEPHONE,NIPPON TELEGRAPH AND TELEPHONE,ニッポンデンシンデンワ,エヌティティ
KDDI CORPORATION,KDDI,KDDI,ケーディーディーアイ,ケーディーディーアイ
SoftBank Corp.,SoftBank Corp,SOFTBANK CORP,ソフトバンク,ソフトバンク
"HIKARI TSUSHIN,INC.",HIKARI TSUSHIN,HIKARI TSUSHIN,ヒカリツウシン,ヒカリツウシン
OKINAWA CELLULAR TELEPHONE COMPANY,OKINAWA CELLULAR TELEPHONE COMPANY,OKINAWA CELLULAR TELEPHONE COMPANY,オキナワセルラー,オキナワセルラー
"NTT DOCOMO,INC.",NTT DOCOMO,NTT DOCOMO,エヌテーィテーィドコモ,ドコモ
MTI Ltd.,MTI,MTI,エムティーアイ,エムティーアイ
"Bell-Park Co.,Ltd.",Bell Park,BELL PARK,ベルパーク,ベルパーク
"TOSHIN HOLDINGS CO.,LTD",TOSHIN LTD,TOSHIN LTD,トウシン,トウシン
"FORVAL TELECOM,INC.",FORVAL TELECOM,FORVAL TELECOM,フォーバルテレコム,フォーバルテレコム
"SAKAI Holdings CO.,LTD",SAKAI LTD,SAKAI LTD,サカイ,サカイ
GMO internet Inc.,GMO internet,GMO INTERNET,ジーエムオーインターネット,ジーエムオーインターネット
Fibergate Inc.,Fibergate,FIBERGATE,ファイバーゲート,ファイバーゲート
Aidma Marketing Communication Corporation,Aidma Marketing Communication,AIDMA MARKETING COMMUNICATION,アイドママーケティングコミュニケーション,アイドママーケティングコミュニケーション
"AlphaPolis Co.,Ltd.",AlphaPolis,ALPHAPOLIS,アルファポリス,アルファポリス
KADOKAWA CORPORATION,KADOKAWA,KADOKAWA,カドカワ,カドカワ
"GAKKEN HOLDINGS CO.,LTD.",GAKKEN,GAKKEN,ガッケン,ガッケン
"ZENRIN CO.,LTD.",ZENRIN,ZENRIN,ゼンリン,ゼンリン
"Shobunsha Holdings,Inc.",Shobunsha,SHOBUNSHA,ショウブンシャ,ショウブンシャ
"CHUOKEIZAI-SHA HOLDINGS,INC.",CHUOKEIZAI SHA,CHUOKEIZAI SHA,チュウオウケイザイシャ,チュウオウケイザイシャ
"SE Holdings and Incubations Co.,Ltd.",SE and Incubations,SE AND INCUBATIONS,エスイーホールディングスアンドインキュベーションズ,エスイー
"Impress Holdings, Inc.",Impress,IMPRESS,インプレス,インプレス
I-NET CORP.,I NET CORP,I NET CORP,アイネット,アイネット
"Shochiku Co.,Ltd.",Shochiku,SHOCHIKU,ショウチク,ショウチク
"TOHO CO.,LTD",TOHO LTD,TOHO LTD,トウホウ,トウホウ
"TOEI COMPANY,LTD.",TOEI COMPANY,TOEI COMPANY,トウエイ,トウエイ
NTT DATA CORPORATION,NTT DATA,NTT DATA,エヌティティデータ,エヌティティデータ
PCA CORPORATION,PCA,PCA,ピーシーエー,ピーシーエー
"SAISON INFORMATION SYSTEMS CO.,LTD.",SAISON INFORMATION SYSTEMS,SAISON INFORMATION SYSTEMS,セゾンインフォメーションシステムズ,セゾンインフォメーションシステムズ
"Japan Process Development Co.,Ltd.",Japan Process Development,JAPAN PROCESS DEVELOPMENT,ジャパンプロセスディベロップメント,ジャパンプロセスディベロップメント
BUSINESS BRAIN SHOWA・OTA INC.,BUSINESS BRAIN SHOWA・OTA,BUSINESS BRAIN SHOWA・OTA,ビジネスブレインショウワオオタ,ビジネスブレインショウワオオタ
DTS CORPORATION,DTS,DTS,ディーティーエス,ディーティーエス
"SQUARE ENIX HOLDINGS CO.,LTD.",SQUARE ENIX,SQUARE ENIX,スクウェアエニックス,スクウェアエニックス
"KYCOM HOLDINGS CO.,LTD.",KYCOM,KYCOM,キョウコム,キョウコム
"KSK CO.,LTD",KSK LTD,KSK LTD,ケーエスケー,ケーエスケー
"RYOMO SYSTEMS CO.,LTD.",RYOMO SYSTEMS,RYOMO SYSTEMS,リョウモウシステムズ,リョウモウシステムズ
COMPUTER ENGINEERING & CONSULTING LTD.,COMPUTER ENGINEERING CONSULTING,COMPUTER ENGINEERING CONSULTING,コンピュータエンジニアリングコンサルティング,シーイーシー
"CAPCOM CO.,LTD.",CAPCOM,CAPCOM,カプコン,カプコン
"CREO CO.,LTD.",CREO,CREO,クレオ,クレオ
ISB CORPORATION,ISB,ISB,アイエスビー,アイエスビー
"NCS&A CO.,LTD.",NCS A,NCS A,エヌシーエスアンドエー,エヌシーエスアンドエー
"JASTEC Co.,Ltd.",JASTEC,JASTEC,ジャステック,ジャステック
SCSK Corporation,SCSK,SCSK,エスシーエスケー,エスシーエスケー
"NIPPON SYSTEMWARE CO.,LTD.",NIPPON SYSTEMWARE,NIPPON SYSTEMWARE,ニッポンシステムウエア,エヌエスダブリュ
INES Corporation,INES,INES,アイネス,アイネス
TKC Corporation,TKC,TKC,ティーケーシー,ティーケーシー
FUJI SOFT INCORPORATED,FUJI SOFT INCORPORATED,FUJI SOFT INCORPORATED,フジソフト,フジソフト
IX Knowledge Incorporated,IX Knowledge Incorporated,IX KNOWLEDGE INCORPORATED,アイエックスナレッジ,アイエックスナレッジ
"NSD CO.,LTD.",NSD,NSD,エヌエスディー,エヌエスディー
KONAMI HOLDINGS CORPORATION,KONAMI,KONAMI,コナミ,コナミ
"Fukui Computer Holdings,Inc.",Fukui Computer,FUKUI COMPUTER,フクイコンピュータ,フクイコンピュータ
"ASAHI INTELLIGENCE SERVICE CO.,LTD.",ASAHI INTELLIGENCE SERVICE,ASAHI INTELLIGENCE SERVICE,アサヒインテリジェンスサービス,アサヒインテリジェンスサービス
JBCC Holdings Inc.,JBCC,JBCC,ジェイビーシーシー,ジェイビーシーシー
"MIROKU JYOHO SERVICE CO.,LTD.",MIROKU JYOHO SERVICE,MIROKU JYOHO SERVICE,ミロクジョウホウサービス,ミロクジョウホウサービス
SoftBank Group Corp.,SoftBank Corp,SOFTBANK CORP,ソフトバンクグループ,ソフトバンク
